<?xml version="1.0" encoding="UTF-8"?>
<!DOCTYPE mapper PUBLIC "-//mybatis.org//DTD Mapper 3.0//EN" "http://mybatis.org/dtd/mybatis-3-mapper.dtd">
<mapper namespace="com.atguigu.demo.mapper.PeopleMapper">

    <resultMap id="baseResultMap" type="com.atguigu.demo.bean.People">
        <result column="id" jdbcType="INTEGER" property="id" />
        <result column="name" jdbcType="VARCHAR" property="name" />
        <result column="age" jdbcType="VARCHAR" property="age" />
        <result column="job" jdbcType="INTEGER" property="job" />
        <result column="sex" jdbcType="VARCHAR" property="sex" />
    </resultMap>

    <select id="getPeopleList" resultMap="baseResultMap">
        select id,name,job,age,sex from people
    </select>

</mapper>